Company_ID,CompanyName,ESG_score,Country,Sector,Industrygroup,Industry,Language,Year,Scope 1 Carbon Emissions,Scope 2 Carbon Emissions,Scope 3 Carbon Emissions,Energy Consumption,Water Consumption,Waste Generation,Environmental Policy & Management,Turnover Rate,Total Employees,Gender Diversity,Training (Number of Times),Training (Average Hours),Employee Fatalities,Occupational Injury,Communities and Philanthropy,Consumer Privacy Protection,Board Composition,Ethical Behavior,Cyber Security,Alignment with Frameworks,Assurance,Policy Influence,Risk & Crisis Management,Partnerships and Collaborations,Public Sentiment,Market Share,Profitability,WACC,Volatility,Liquidity,Beta Coefficient,GDP Growth,Unemployment
1,Lenovo,86.215,China,Information Technology,Technology Hardware & Equipment,"Technology hardware, storage & peripherals industry",EN,2021,4.3107500000000005,4.3107500000000005,4.3107500000000005,2.58645,2.58645,2.58645,3.4486000000000003,1.7243000000000002,1.7243000000000002,1.7243000000000002,0.8621500000000001,0.8621500000000001,0.8621500000000001,0.8621500000000001,0.8621500000000001,4.3107500000000005,12.93225,12.93225,4.3107500000000005,0.8621500000000001,0.8621500000000001,1.7243000000000002,0.8621500000000001,1.7243000000000002,4.3107500000000005,2.1553750000000003,0.8621500000000001,0.8621500000000001,0.8621500000000001,0.8621500000000001,0.43107500000000004,0.8621500000000001,0.8621500000000001
2,Lenovo,84.7,China,Information Technology,Technology Hardware & Equipment,"Technology hardware, storage & peripherals industry",EN,2022,4.235,4.235,4.235,2.541,2.541,2.541,3.3880000000000003,1.6940000000000002,1.6940000000000002,1.6940000000000002,0.8470000000000001,0.8470000000000001,0.8470000000000001,0.8470000000000001,0.8470000000000001,4.235,12.705,12.705,4.235,0.8470000000000001,0.8470000000000001,1.6940000000000002,0.8470000000000001,1.6940000000000002,4.235,2.1175,0.8470000000000001,0.8470000000000001,0.8470000000000001,0.8470000000000001,0.42350000000000004,0.8470000000000001,0.8470000000000001
3,Lenovo,88.34,China,Information Technology,Technology Hardware & Equipment,"Technology hardware, storage & peripherals industry",EN,2023,4.417000000000001,4.417000000000001,4.417000000000001,2.6502,2.6502,2.6502,3.5336000000000003,1.7668000000000001,1.7668000000000001,1.7668000000000001,0.8834000000000001,0.8834000000000001,0.8834000000000001,0.8834000000000001,0.8834000000000001,4.417000000000001,13.251,13.251,4.417000000000001,0.8834000000000001,0.8834000000000001,1.7668000000000001,0.8834000000000001,1.7668000000000001,4.417000000000001,2.2085000000000004,0.8834000000000001,0.8834000000000001,0.8834000000000001,0.8834000000000001,0.44170000000000004,0.8834000000000001,0.8834000000000001
4,HP,84.6,USA,Information Technology,Technology Hardware & Equipment,"Technology hardware, storage & peripherals industry",EN,2020,4.2299999999999995,4.2299999999999995,4.2299999999999995,2.538,2.538,2.538,3.384,1.692,1.692,1.692,0.846,0.846,0.846,0.846,0.846,4.2299999999999995,12.69,12.69,4.2299999999999995,0.846,0.846,1.692,0.846,1.692,4.2299999999999995,2.1149999999999998,0.846,0.846,0.846,0.846,0.423,0.846,0.846
5,HP,80.7,USA,Information Technology,Technology Hardware & Equipment,"Technology hardware, storage & peripherals industry",EN,2021,4.035,4.035,4.035,2.421,2.421,2.421,3.228,1.614,1.614,1.614,0.807,0.807,0.807,0.807,0.807,4.035,12.105,12.105,4.035,0.807,0.807,1.614,0.807,1.614,4.035,2.0175,0.807,0.807,0.807,0.807,0.4035,0.807,0.807
6,HP,82.025,USA,Information Technology,Technology Hardware & Equipment,"Technology hardware, storage & peripherals industry",EN,2022,4.10125,4.10125,4.10125,2.46075,2.46075,2.46075,3.281,1.6405,1.6405,1.6405,0.82025,0.82025,0.82025,0.82025,0.82025,4.10125,12.30375,12.30375,4.10125,0.82025,0.82025,1.6405,0.82025,1.6405,4.10125,2.050625,0.82025,0.82025,0.82025,0.82025,0.410125,0.82025,0.82025
7,HP,84.2,USA,Information Technology,Technology Hardware & Equipment,"Technology hardware, storage & peripherals industry",EN,2023,4.21,4.21,4.21,2.526,2.526,2.526,3.3680000000000003,1.6840000000000002,1.6840000000000002,1.6840000000000002,0.8420000000000001,0.8420000000000001,0.8420000000000001,0.8420000000000001,0.8420000000000001,4.21,12.63,12.63,4.21,0.8420000000000001,0.8420000000000001,1.6840000000000002,0.8420000000000001,1.6840000000000002,4.21,2.105,0.8420000000000001,0.8420000000000001,0.8420000000000001,0.8420000000000001,0.42100000000000004,0.8420000000000001,0.8420000000000001
8,Pegatron,60.9,China,Information Technology,Technology Hardware & Equipment,"Technology hardware, storage & peripherals industry",EN,2020,3.045,3.045,3.045,1.827,1.827,1.827,2.436,1.218,1.218,1.218,0.609,0.609,0.609,0.609,0.609,3.045,9.135,9.135,3.045,0.609,0.609,1.218,0.609,1.218,3.045,1.5225,0.609,0.609,0.609,0.609,0.3045,0.609,0.609
9,Pegatron,58.116667,China,Information Technology,Technology Hardware & Equipment,"Technology hardware, storage & peripherals industry",EN,2021,2.90583335,2.90583335,2.90583335,1.74350001,1.74350001,1.74350001,2.32466668,1.16233334,1.16233334,1.16233334,0.58116667,0.58116667,0.58116667,0.58116667,0.58116667,2.90583335,8.71750005,8.71750005,2.90583335,0.58116667,0.58116667,1.16233334,0.58116667,1.16233334,2.90583335,1.452916675,0.58116667,0.58116667,0.58116667,0.58116667,0.290583335,0.58116667,0.58116667
10,Pegatron,60.2,China,Information Technology,Technology Hardware & Equipment,"Technology hardware, storage & peripherals industry",EN,2022,3.0100000000000002,3.0100000000000002,3.0100000000000002,1.806,1.806,1.806,2.4080000000000004,1.2040000000000002,1.2040000000000002,1.2040000000000002,0.6020000000000001,0.6020000000000001,0.6020000000000001,0.6020000000000001,0.6020000000000001,3.0100000000000002,9.03,9.03,3.0100000000000002,0.6020000000000001,0.6020000000000001,1.2040000000000002,0.6020000000000001,1.2040000000000002,3.0100000000000002,1.5050000000000001,0.6020000000000001,0.6020000000000001,0.6020000000000001,0.6020000000000001,0.30100000000000005,0.6020000000000001,0.6020000000000001
11,Pegatron,63.516667,China,Information Technology,Technology Hardware & Equipment,"Technology hardware, storage & peripherals industry",EN,2023,3.17583335,3.17583335,3.17583335,1.90550001,1.90550001,1.90550001,2.54066668,1.27033334,1.27033334,1.27033334,0.63516667,0.63516667,0.63516667,0.63516667,0.63516667,3.17583335,9.527500049999999,9.527500049999999,3.17583335,0.63516667,0.63516667,1.27033334,0.63516667,1.27033334,3.17583335,1.587916675,0.63516667,0.63516667,0.63516667,0.63516667,0.317583335,0.63516667,0.63516667
12,BOE,65.375,China,Information Technology,"Electronic Equipment, Instruments & Components",Electronic Equipment & Instruments ,EN,2020,3.2687500000000003,3.2687500000000003,3.2687500000000003,1.96125,1.96125,1.96125,2.615,1.3075,1.3075,1.3075,0.65375,0.65375,0.65375,0.65375,0.65375,3.2687500000000003,9.80625,9.80625,3.2687500000000003,0.65375,0.65375,1.3075,0.65375,1.3075,3.2687500000000003,1.6343750000000001,0.65375,0.65375,0.65375,0.65375,0.326875,0.65375,0.65375
13,BOE,73.7,China,Information Technology,"Electronic Equipment, Instruments & Components",Electronic Equipment & Instruments ,EN,2021,3.6850000000000005,3.6850000000000005,3.6850000000000005,2.211,2.211,2.211,2.948,1.474,1.474,1.474,0.737,0.737,0.737,0.737,0.737,3.6850000000000005,11.055,11.055,3.6850000000000005,0.737,0.737,1.474,0.737,1.474,3.6850000000000005,1.8425000000000002,0.737,0.737,0.737,0.737,0.3685,0.737,0.737
14,BOE,66.9,China,Information Technology,"Electronic Equipment, Instruments & Components",Electronic Equipment & Instruments ,EN,2022,3.3450000000000006,3.3450000000000006,3.3450000000000006,2.007,2.007,2.007,2.676,1.338,1.338,1.338,0.669,0.669,0.669,0.669,0.669,3.3450000000000006,10.035,10.035,3.3450000000000006,0.669,0.669,1.338,0.669,1.338,3.3450000000000006,1.6725000000000003,0.669,0.669,0.669,0.669,0.3345,0.669,0.669
15,BOE,60.5,China,Information Technology,"Electronic Equipment, Instruments & Components",Electronic Equipment & Instruments ,EN,2023,3.0250000000000004,3.0250000000000004,3.0250000000000004,1.815,1.815,1.815,2.42,1.21,1.21,1.21,0.605,0.605,0.605,0.605,0.605,3.0250000000000004,9.075,9.075,3.0250000000000004,0.605,0.605,1.21,0.605,1.21,3.0250000000000004,1.5125000000000002,0.605,0.605,0.605,0.605,0.3025,0.605,0.605
16,TCL,73.8,China,Information Technology,"Electronic Equipment, Instruments & Components",Electronic Equipment & Instruments ,EN,2020,3.69,3.69,3.69,2.214,2.214,2.214,2.952,1.476,1.476,1.476,0.738,0.738,0.738,0.738,0.738,3.69,11.069999999999999,11.069999999999999,3.69,0.738,0.738,1.476,0.738,1.476,3.69,1.845,0.738,0.738,0.738,0.738,0.369,0.738,0.738
17,TCL,73.6,China,Information Technology,"Electronic Equipment, Instruments & Components",Electronic Equipment & Instruments ,EN,2021,3.6799999999999997,3.6799999999999997,3.6799999999999997,2.2079999999999997,2.2079999999999997,2.2079999999999997,2.944,1.472,1.472,1.472,0.736,0.736,0.736,0.736,0.736,3.6799999999999997,11.04,11.04,3.6799999999999997,0.736,0.736,1.472,0.736,1.472,3.6799999999999997,1.8399999999999999,0.736,0.736,0.736,0.736,0.368,0.736,0.736
18,TCL,68.483333,China,Information Technology,"Electronic Equipment, Instruments & Components",Electronic Equipment & Instruments ,EN,2022,3.42416665,3.42416665,3.42416665,2.05449999,2.05449999,2.05449999,2.73933332,1.36966666,1.36966666,1.36966666,0.68483333,0.68483333,0.68483333,0.68483333,0.68483333,3.42416665,10.27249995,10.27249995,3.42416665,0.68483333,0.68483333,1.36966666,0.68483333,1.36966666,3.42416665,1.712083325,0.68483333,0.68483333,0.68483333,0.68483333,0.342416665,0.68483333,0.68483333
19,TCL,79.733333,China,Information Technology,"Electronic Equipment, Instruments & Components",Electronic Equipment & Instruments ,EN,2023,3.98666665,3.98666665,3.98666665,2.39199999,2.39199999,2.39199999,3.1893333200000002,1.5946666600000001,1.5946666600000001,1.5946666600000001,0.7973333300000001,0.7973333300000001,0.7973333300000001,0.7973333300000001,0.7973333300000001,3.98666665,11.95999995,11.95999995,3.98666665,0.7973333300000001,0.7973333300000001,1.5946666600000001,0.7973333300000001,1.5946666600000001,3.98666665,1.993333325,0.7973333300000001,0.7973333300000001,0.7973333300000001,0.7973333300000001,0.39866666500000003,0.7973333300000001,0.7973333300000001
20,Microsoft,91.0,USA,Information Technology,"Electronic Equipment, Instruments & Components",System Software,,2020,4.55,4.55,4.55,2.73,2.73,2.73,3.64,1.82,1.82,1.82,0.91,0.91,0.91,0.91,0.91,4.55,13.65,13.65,4.55,0.91,0.91,1.82,0.91,1.82,4.55,2.275,0.91,0.91,0.91,0.91,0.455,0.91,0.91
21,Microsoft,92.3,USA,Information Technology,"Electronic Equipment, Instruments & Components",System Software,,2021,4.615,4.615,4.615,2.7689999999999997,2.7689999999999997,2.7689999999999997,3.692,1.846,1.846,1.846,0.923,0.923,0.923,0.923,0.923,4.615,13.844999999999999,13.844999999999999,4.615,0.923,0.923,1.846,0.923,1.846,4.615,2.3075,0.923,0.923,0.923,0.923,0.4615,0.923,0.923
22,Microsoft,92.6,USA,Information Technology,"Electronic Equipment, Instruments & Components",System Software,EN,2022,4.63,4.63,4.63,2.7779999999999996,2.7779999999999996,2.7779999999999996,3.7039999999999997,1.8519999999999999,1.8519999999999999,1.8519999999999999,0.9259999999999999,0.9259999999999999,0.9259999999999999,0.9259999999999999,0.9259999999999999,4.63,13.889999999999999,13.889999999999999,4.63,0.9259999999999999,0.9259999999999999,1.8519999999999999,0.9259999999999999,1.8519999999999999,4.63,2.315,0.9259999999999999,0.9259999999999999,0.9259999999999999,0.9259999999999999,0.46299999999999997,0.9259999999999999,0.9259999999999999
23,Microsoft,71.025,USA,Information Technology,"Electronic Equipment, Instruments & Components",System Software,EN,2023,3.5512500000000005,3.5512500000000005,3.5512500000000005,2.13075,2.13075,2.13075,2.841,1.4205,1.4205,1.4205,0.71025,0.71025,0.71025,0.71025,0.71025,3.5512500000000005,10.65375,10.65375,3.5512500000000005,0.71025,0.71025,1.4205,0.71025,1.4205,3.5512500000000005,1.7756250000000002,0.71025,0.71025,0.71025,0.71025,0.355125,0.71025,0.71025
24,SAP,92.9,Germany,Information Technology,Software & Services,System Software,EN,2020,4.6450000000000005,4.6450000000000005,4.6450000000000005,2.787,2.787,2.787,3.716,1.858,1.858,1.858,0.929,0.929,0.929,0.929,0.929,4.6450000000000005,13.935,13.935,4.6450000000000005,0.929,0.929,1.858,0.929,1.858,4.6450000000000005,2.3225000000000002,0.929,0.929,0.929,0.929,0.4645,0.929,0.929
25,SAP,91.25,Germany,Information Technology,Software & Services,System Software,EN,2021,4.5625,4.5625,4.5625,2.7375,2.7375,2.7375,3.65,1.825,1.825,1.825,0.9125,0.9125,0.9125,0.9125,0.9125,4.5625,13.6875,13.6875,4.5625,0.9125,0.9125,1.825,0.9125,1.825,4.5625,2.28125,0.9125,0.9125,0.9125,0.9125,0.45625,0.9125,0.9125
26,SAP,91.9,Germany,Information Technology,Software & Services,System Software,EN,2022,4.595000000000001,4.595000000000001,4.595000000000001,2.757,2.757,2.757,3.676,1.838,1.838,1.838,0.919,0.919,0.919,0.919,0.919,4.595000000000001,13.785,13.785,4.595000000000001,0.919,0.919,1.838,0.919,1.838,4.595000000000001,2.2975000000000003,0.919,0.919,0.919,0.919,0.4595,0.919,0.919
27,SAP,84.616667,Germany,Information Technology,Software & Services,System Software,EN,2023,4.23083335,4.23083335,4.23083335,2.53850001,2.53850001,2.53850001,3.3846666800000005,1.6923333400000002,1.6923333400000002,1.6923333400000002,0.8461666700000001,0.8461666700000001,0.8461666700000001,0.8461666700000001,0.8461666700000001,4.23083335,12.692500050000001,12.692500050000001,4.23083335,0.8461666700000001,0.8461666700000001,1.6923333400000002,0.8461666700000001,1.6923333400000002,4.23083335,2.115416675,0.8461666700000001,0.8461666700000001,0.8461666700000001,0.8461666700000001,0.42308333500000006,0.8461666700000001,0.8461666700000001
28,HUAWEI,57.7,China,Information Technology,Software & Services,System Software,CN,2020,2.8850000000000002,2.8850000000000002,2.8850000000000002,1.731,1.731,1.731,2.3080000000000003,1.1540000000000001,1.1540000000000001,1.1540000000000001,0.5770000000000001,0.5770000000000001,0.5770000000000001,0.5770000000000001,0.5770000000000001,2.8850000000000002,8.655,8.655,2.8850000000000002,0.5770000000000001,0.5770000000000001,1.1540000000000001,0.5770000000000001,1.1540000000000001,2.8850000000000002,1.4425000000000001,0.5770000000000001,0.5770000000000001,0.5770000000000001,0.5770000000000001,0.28850000000000003,0.5770000000000001,0.5770000000000001
29,HUAWEI,56.341667,China,Information Technology,Software & Services,System Software,CN,2021,2.8170833500000003,2.8170833500000003,2.8170833500000003,1.69025001,1.69025001,1.69025001,2.2536666800000003,1.1268333400000001,1.1268333400000001,1.1268333400000001,0.5634166700000001,0.5634166700000001,0.5634166700000001,0.5634166700000001,0.5634166700000001,2.8170833500000003,8.45125005,8.45125005,2.8170833500000003,0.5634166700000001,0.5634166700000001,1.1268333400000001,0.5634166700000001,1.1268333400000001,2.8170833500000003,1.4085416750000002,0.5634166700000001,0.5634166700000001,0.5634166700000001,0.5634166700000001,0.28170833500000003,0.5634166700000001,0.5634166700000001
30,HUAWEI,57.4,China,Information Technology,Software & Services,System Software,CN,2022,2.87,2.87,2.87,1.722,1.722,1.722,2.296,1.148,1.148,1.148,0.574,0.574,0.574,0.574,0.574,2.87,8.61,8.61,2.87,0.574,0.574,1.148,0.574,1.148,2.87,1.435,0.574,0.574,0.574,0.574,0.287,0.574,0.574
31,HUAWEI,59.666667,China,Information Technology,Software & Services,System Software,CN,2023,2.98333335,2.98333335,2.98333335,1.7900000099999998,1.7900000099999998,1.7900000099999998,2.38666668,1.19333334,1.19333334,1.19333334,0.59666667,0.59666667,0.59666667,0.59666667,0.59666667,2.98333335,8.95000005,8.95000005,2.98333335,0.59666667,0.59666667,1.19333334,0.59666667,1.19333334,2.98333335,1.491666675,0.59666667,0.59666667,0.59666667,0.59666667,0.298333335,0.59666667,0.59666667
32,Kingdee International Software Group,82.6,China,Information Technology,Software & Services,Application Software,EN,2020,4.13,4.13,4.13,2.4779999999999998,2.4779999999999998,2.4779999999999998,3.304,1.652,1.652,1.652,0.826,0.826,0.826,0.826,0.826,4.13,12.389999999999999,12.389999999999999,4.13,0.826,0.826,1.652,0.826,1.652,4.13,2.065,0.826,0.826,0.826,0.826,0.413,0.826,0.826
33,Kingdee International Software Group,82.0,China,Information Technology,Software & Services,Application Software,EN,2021,4.1000000000000005,4.1000000000000005,4.1000000000000005,2.46,2.46,2.46,3.2800000000000002,1.6400000000000001,1.6400000000000001,1.6400000000000001,0.8200000000000001,0.8200000000000001,0.8200000000000001,0.8200000000000001,0.8200000000000001,4.1000000000000005,12.299999999999999,12.299999999999999,4.1000000000000005,0.8200000000000001,0.8200000000000001,1.6400000000000001,0.8200000000000001,1.6400000000000001,4.1000000000000005,2.0500000000000003,0.8200000000000001,0.8200000000000001,0.8200000000000001,0.8200000000000001,0.41000000000000003,0.8200000000000001,0.8200000000000001
34,Kingdee International Software Group,82.433333,China,Information Technology,Software & Services,Application Software,EN,2022,4.121666650000001,4.121666650000001,4.121666650000001,2.47299999,2.47299999,2.47299999,3.2973333200000003,1.6486666600000002,1.6486666600000002,1.6486666600000002,0.8243333300000001,0.8243333300000001,0.8243333300000001,0.8243333300000001,0.8243333300000001,4.121666650000001,12.36499995,12.36499995,4.121666650000001,0.8243333300000001,0.8243333300000001,1.6486666600000002,0.8243333300000001,1.6486666600000002,4.121666650000001,2.0608333250000004,0.8243333300000001,0.8243333300000001,0.8243333300000001,0.8243333300000001,0.41216666500000004,0.8243333300000001,0.8243333300000001
35,Kingdee International Software Group,83.2,China,Information Technology,Software & Services,Application Software,EN,2023,4.16,4.16,4.16,2.496,2.496,2.496,3.3280000000000003,1.6640000000000001,1.6640000000000001,1.6640000000000001,0.8320000000000001,0.8320000000000001,0.8320000000000001,0.8320000000000001,0.8320000000000001,4.16,12.48,12.48,4.16,0.8320000000000001,0.8320000000000001,1.6640000000000001,0.8320000000000001,1.6640000000000001,4.16,2.08,0.8320000000000001,0.8320000000000001,0.8320000000000001,0.8320000000000001,0.41600000000000004,0.8320000000000001,0.8320000000000001
36,Tencent,64.6,China,Information Technology,Software & Services,Internet Services & Infrastructure,EN,2020,3.23,3.23,3.23,1.9379999999999997,1.9379999999999997,1.9379999999999997,2.5839999999999996,1.2919999999999998,1.2919999999999998,1.2919999999999998,0.6459999999999999,0.6459999999999999,0.6459999999999999,0.6459999999999999,0.6459999999999999,3.23,9.69,9.69,3.23,0.6459999999999999,0.6459999999999999,1.2919999999999998,0.6459999999999999,1.2919999999999998,3.23,1.615,0.6459999999999999,0.6459999999999999,0.6459999999999999,0.6459999999999999,0.32299999999999995,0.6459999999999999,0.6459999999999999
37,Tencent,65.2,China,Information Technology,Software & Services,Internet Services & Infrastructure,EN,2021,3.2600000000000002,3.2600000000000002,3.2600000000000002,1.956,1.956,1.956,2.608,1.304,1.304,1.304,0.652,0.652,0.652,0.652,0.652,3.2600000000000002,9.78,9.78,3.2600000000000002,0.652,0.652,1.304,0.652,1.304,3.2600000000000002,1.6300000000000001,0.652,0.652,0.652,0.652,0.326,0.652,0.652
38,Tencent,66.9,China,Information Technology,Software & Services,Internet Services & Infrastructure,EN,2022,3.3450000000000006,3.3450000000000006,3.3450000000000006,2.007,2.007,2.007,2.676,1.338,1.338,1.338,0.669,0.669,0.669,0.669,0.669,3.3450000000000006,10.035,10.035,3.3450000000000006,0.669,0.669,1.338,0.669,1.338,3.3450000000000006,1.6725000000000003,0.669,0.669,0.669,0.669,0.3345,0.669,0.669
39,Tencent,60.275,China,Information Technology,Software & Services,Internet Services & Infrastructure,EN,2023,3.01375,3.01375,3.01375,1.80825,1.80825,1.80825,2.411,1.2055,1.2055,1.2055,0.60275,0.60275,0.60275,0.60275,0.60275,3.01375,9.04125,9.04125,3.01375,0.60275,0.60275,1.2055,0.60275,1.2055,3.01375,1.506875,0.60275,0.60275,0.60275,0.60275,0.301375,0.60275,0.60275
40,Infosys,82.9,India,Information Technology,Software & Services,IT Consulting & Other Services,EN,2020,4.1450000000000005,4.1450000000000005,4.1450000000000005,2.487,2.487,2.487,3.3160000000000003,1.6580000000000001,1.6580000000000001,1.6580000000000001,0.8290000000000001,0.8290000000000001,0.8290000000000001,0.8290000000000001,0.8290000000000001,4.1450000000000005,12.435,12.435,4.1450000000000005,0.8290000000000001,0.8290000000000001,1.6580000000000001,0.8290000000000001,1.6580000000000001,4.1450000000000005,2.0725000000000002,0.8290000000000001,0.8290000000000001,0.8290000000000001,0.8290000000000001,0.41450000000000004,0.8290000000000001,0.8290000000000001
41,Infosys,78.3,India,Information Technology,Software & Services,IT Consulting & Other Services,EN,2021,3.915,3.915,3.915,2.3489999999999998,2.3489999999999998,2.3489999999999998,3.132,1.566,1.566,1.566,0.783,0.783,0.783,0.783,0.783,3.915,11.745,11.745,3.915,0.783,0.783,1.566,0.783,1.566,3.915,1.9575,0.783,0.783,0.783,0.783,0.3915,0.783,0.783
42,Infosys,76.1,India,Information Technology,Software & Services,IT Consulting & Other Services,EN,2022,3.8049999999999997,3.8049999999999997,3.8049999999999997,2.283,2.283,2.283,3.044,1.522,1.522,1.522,0.761,0.761,0.761,0.761,0.761,3.8049999999999997,11.415,11.415,3.8049999999999997,0.761,0.761,1.522,0.761,1.522,3.8049999999999997,1.9024999999999999,0.761,0.761,0.761,0.761,0.3805,0.761,0.761
43,Infosys,79.5,India,Information Technology,Software & Services,IT Consulting & Other Services,EN,2023,3.975,3.975,3.975,2.385,2.385,2.385,3.18,1.59,1.59,1.59,0.795,0.795,0.795,0.795,0.795,3.975,11.924999999999999,11.924999999999999,3.975,0.795,0.795,1.59,0.795,1.59,3.975,1.9875,0.795,0.795,0.795,0.795,0.3975,0.795,0.795
44,Wipro,72.5,India,Information Technology,Software & Services,IT Consulting & Other Services,EN,2020,3.625,3.625,3.625,2.175,2.175,2.175,2.9,1.45,1.45,1.45,0.725,0.725,0.725,0.725,0.725,3.625,10.875,10.875,3.625,0.725,0.725,1.45,0.725,1.45,3.625,1.8125,0.725,0.725,0.725,0.725,0.3625,0.725,0.725
45,Wipro,77.6,India,Information Technology,Software & Services,IT Consulting & Other Services,EN,2021,3.88,3.88,3.88,2.328,2.328,2.328,3.1039999999999996,1.5519999999999998,1.5519999999999998,1.5519999999999998,0.7759999999999999,0.7759999999999999,0.7759999999999999,0.7759999999999999,0.7759999999999999,3.88,11.639999999999999,11.639999999999999,3.88,0.7759999999999999,0.7759999999999999,1.5519999999999998,0.7759999999999999,1.5519999999999998,3.88,1.94,0.7759999999999999,0.7759999999999999,0.7759999999999999,0.7759999999999999,0.38799999999999996,0.7759999999999999,0.7759999999999999
46,Wipro,68.2,India,Information Technology,Software & Services,IT Consulting & Other Services,EN,2022,3.41,3.41,3.41,2.046,2.046,2.046,2.728,1.364,1.364,1.364,0.682,0.682,0.682,0.682,0.682,3.41,10.23,10.23,3.41,0.682,0.682,1.364,0.682,1.364,3.41,1.705,0.682,0.682,0.682,0.682,0.341,0.682,0.682
47,Wipro,68.8,India,Information Technology,Software & Services,IT Consulting & Other Services,EN,2023,3.44,3.44,3.44,2.064,2.064,2.064,2.752,1.376,1.376,1.376,0.688,0.688,0.688,0.688,0.688,3.44,10.319999999999999,10.319999999999999,3.44,0.688,0.688,1.376,0.688,1.376,3.44,1.72,0.688,0.688,0.688,0.688,0.344,0.688,0.688
48,SEAGATE,72.6,Singapore,Information Technology,"Technology Hardware, Storage & Peripherals","echnology Hardware, Storage & Peripherals",EN,2020,3.63,3.63,3.63,2.178,2.178,2.178,2.904,1.452,1.452,1.452,0.726,0.726,0.726,0.726,0.726,3.63,10.889999999999999,10.889999999999999,3.63,0.726,0.726,1.452,0.726,1.452,3.63,1.815,0.726,0.726,0.726,0.726,0.363,0.726,0.726
49,SEAGATE,76.1,Singapore,Information Technology,"Technology Hardware, Storage & Peripherals","echnology Hardware, Storage & Peripherals",EN,2021,3.8049999999999997,3.8049999999999997,3.8049999999999997,2.283,2.283,2.283,3.044,1.522,1.522,1.522,0.761,0.761,0.761,0.761,0.761,3.8049999999999997,11.415,11.415,3.8049999999999997,0.761,0.761,1.522,0.761,1.522,3.8049999999999997,1.9024999999999999,0.761,0.761,0.761,0.761,0.3805,0.761,0.761
50,SEAGATE,78.1,Singapore,Information Technology,"Technology Hardware, Storage & Peripherals","echnology Hardware, Storage & Peripherals",EN,2022,3.905,3.905,3.905,2.3429999999999995,2.3429999999999995,2.3429999999999995,3.1239999999999997,1.5619999999999998,1.5619999999999998,1.5619999999999998,0.7809999999999999,0.7809999999999999,0.7809999999999999,0.7809999999999999,0.7809999999999999,3.905,11.714999999999998,11.714999999999998,3.905,0.7809999999999999,0.7809999999999999,1.5619999999999998,0.7809999999999999,1.5619999999999998,3.905,1.9525,0.7809999999999999,0.7809999999999999,0.7809999999999999,0.7809999999999999,0.39049999999999996,0.7809999999999999,0.7809999999999999
51,SEAGATE,82.5,Singapore,Information Technology,"Technology Hardware, Storage & Peripherals","echnology Hardware, Storage & Peripherals",EN,2023,4.125,4.125,4.125,2.475,2.475,2.475,3.3000000000000003,1.6500000000000001,1.6500000000000001,1.6500000000000001,0.8250000000000001,0.8250000000000001,0.8250000000000001,0.8250000000000001,0.8250000000000001,4.125,12.375,12.375,4.125,0.8250000000000001,0.8250000000000001,1.6500000000000001,0.8250000000000001,1.6500000000000001,4.125,2.0625,0.8250000000000001,0.8250000000000001,0.8250000000000001,0.8250000000000001,0.41250000000000003,0.8250000000000001,0.8250000000000001
52,Canon,68.6,Japan,Information Technology,"Technology Hardware, Storage & Peripherals","Technology hardware, storage & peripherals industry",EN,2020,3.4299999999999997,3.4299999999999997,3.4299999999999997,2.058,2.058,2.058,2.7439999999999998,1.3719999999999999,1.3719999999999999,1.3719999999999999,0.6859999999999999,0.6859999999999999,0.6859999999999999,0.6859999999999999,0.6859999999999999,3.4299999999999997,10.29,10.29,3.4299999999999997,0.6859999999999999,0.6859999999999999,1.3719999999999999,0.6859999999999999,1.3719999999999999,3.4299999999999997,1.7149999999999999,0.6859999999999999,0.6859999999999999,0.6859999999999999,0.6859999999999999,0.34299999999999997,0.6859999999999999,0.6859999999999999
53,Canon,67.75,Japan,Information Technology,"Technology Hardware, Storage & Peripherals","Technology hardware, storage & peripherals industry",EN,2021,3.3875,3.3875,3.3875,2.0324999999999998,2.0324999999999998,2.0324999999999998,2.71,1.355,1.355,1.355,0.6775,0.6775,0.6775,0.6775,0.6775,3.3875,10.1625,10.1625,3.3875,0.6775,0.6775,1.355,0.6775,1.355,3.3875,1.69375,0.6775,0.6775,0.6775,0.6775,0.33875,0.6775,0.6775
54,Canon,72.4,Japan,Information Technology,"Technology Hardware, Storage & Peripherals","Technology hardware, storage & peripherals industry",EN,2022,3.6200000000000006,3.6200000000000006,3.6200000000000006,2.172,2.172,2.172,2.8960000000000004,1.4480000000000002,1.4480000000000002,1.4480000000000002,0.7240000000000001,0.7240000000000001,0.7240000000000001,0.7240000000000001,0.7240000000000001,3.6200000000000006,10.860000000000001,10.860000000000001,3.6200000000000006,0.7240000000000001,0.7240000000000001,1.4480000000000002,0.7240000000000001,1.4480000000000002,3.6200000000000006,1.8100000000000003,0.7240000000000001,0.7240000000000001,0.7240000000000001,0.7240000000000001,0.36200000000000004,0.7240000000000001,0.7240000000000001
55,Canon,84.4,Japan,Information Technology,"Technology Hardware, Storage & Peripherals","Technology hardware, storage & peripherals industry",EN,2023,4.220000000000001,4.220000000000001,4.220000000000001,2.532,2.532,2.532,3.3760000000000003,1.6880000000000002,1.6880000000000002,1.6880000000000002,0.8440000000000001,0.8440000000000001,0.8440000000000001,0.8440000000000001,0.8440000000000001,4.220000000000001,12.66,12.66,4.220000000000001,0.8440000000000001,0.8440000000000001,1.6880000000000002,0.8440000000000001,1.6880000000000002,4.220000000000001,2.1100000000000003,0.8440000000000001,0.8440000000000001,0.8440000000000001,0.8440000000000001,0.42200000000000004,0.8440000000000001,0.8440000000000001
56,Omron,93.9,Japan,Technology Hardware & Equipment ,"Electronic Equipment, Instruments & Components",Electronic Equipment & Instruments,EN,2020,4.695,4.695,4.695,2.817,2.817,2.817,3.7560000000000002,1.8780000000000001,1.8780000000000001,1.8780000000000001,0.9390000000000001,0.9390000000000001,0.9390000000000001,0.9390000000000001,0.9390000000000001,4.695,14.085,14.085,4.695,0.9390000000000001,0.9390000000000001,1.8780000000000001,0.9390000000000001,1.8780000000000001,4.695,2.3475,0.9390000000000001,0.9390000000000001,0.9390000000000001,0.9390000000000001,0.46950000000000003,0.9390000000000001,0.9390000000000001
57,Omron,93.4,Japan,Technology Hardware & Equipment ,"Electronic Equipment, Instruments & Components",Electronic Equipment & Instruments,EN,2021,4.670000000000001,4.670000000000001,4.670000000000001,2.802,2.802,2.802,3.736,1.868,1.868,1.868,0.934,0.934,0.934,0.934,0.934,4.670000000000001,14.01,14.01,4.670000000000001,0.934,0.934,1.868,0.934,1.868,4.670000000000001,2.3350000000000004,0.934,0.934,0.934,0.934,0.467,0.934,0.934
58,Omron,92.2,Japan,Technology Hardware & Equipment ,"Electronic Equipment, Instruments & Components",Electronic Equipment & Instruments,EN,2022,4.61,4.61,4.61,2.766,2.766,2.766,3.688,1.844,1.844,1.844,0.922,0.922,0.922,0.922,0.922,4.61,13.83,13.83,4.61,0.922,0.922,1.844,0.922,1.844,4.61,2.305,0.922,0.922,0.922,0.922,0.461,0.922,0.922
59,Omron,92.4,Japan,Technology Hardware & Equipment ,"Electronic Equipment, Instruments & Components",Electronic Equipment & Instruments,EN,2023,4.62,4.62,4.62,2.7720000000000002,2.7720000000000002,2.7720000000000002,3.696,1.848,1.848,1.848,0.924,0.924,0.924,0.924,0.924,4.62,13.860000000000001,13.860000000000001,4.62,0.924,0.924,1.848,0.924,1.848,4.62,2.31,0.924,0.924,0.924,0.924,0.462,0.924,0.924
60,Delta,72.25,China,Technology Hardware & Equipment ,"Electronic Equipment, Instruments & Components",Electronic Equipment & Instruments,EN,2020,3.6125000000000003,3.6125000000000003,3.6125000000000003,2.1675,2.1675,2.1675,2.89,1.445,1.445,1.445,0.7225,0.7225,0.7225,0.7225,0.7225,3.6125000000000003,10.8375,10.8375,3.6125000000000003,0.7225,0.7225,1.445,0.7225,1.445,3.6125000000000003,1.8062500000000001,0.7225,0.7225,0.7225,0.7225,0.36125,0.7225,0.7225
61,Delta,81.35,China,Technology Hardware & Equipment ,"Electronic Equipment, Instruments & Components",Electronic Equipment & Instruments,EN,2021,4.0675,4.0675,4.0675,2.4404999999999997,2.4404999999999997,2.4404999999999997,3.254,1.627,1.627,1.627,0.8135,0.8135,0.8135,0.8135,0.8135,4.0675,12.202499999999999,12.202499999999999,4.0675,0.8135,0.8135,1.627,0.8135,1.627,4.0675,2.03375,0.8135,0.8135,0.8135,0.8135,0.40675,0.8135,0.8135
62,Delta,81.75,China,Technology Hardware & Equipment ,"Electronic Equipment, Instruments & Components",Electronic Equipment & Instruments,EN,2022,4.0875,4.0875,4.0875,2.4525,2.4525,2.4525,3.27,1.635,1.635,1.635,0.8175,0.8175,0.8175,0.8175,0.8175,4.0875,12.2625,12.2625,4.0875,0.8175,0.8175,1.635,0.8175,1.635,4.0875,2.04375,0.8175,0.8175,0.8175,0.8175,0.40875,0.8175,0.8175
63,Delta,81.2,China,Technology Hardware & Equipment ,"Electronic Equipment, Instruments & Components",Electronic Equipment & Instruments,EN,2023,4.0600000000000005,4.0600000000000005,4.0600000000000005,2.436,2.436,2.436,3.248,1.624,1.624,1.624,0.812,0.812,0.812,0.812,0.812,4.0600000000000005,12.18,12.18,4.0600000000000005,0.812,0.812,1.624,0.812,1.624,4.0600000000000005,2.0300000000000002,0.812,0.812,0.812,0.812,0.406,0.812,0.812
64,SUNNY OPTICAL,61.4,China,Technology Hardware & Equipment ,"Electronic Equipment, Instruments & Components",Electronic Equipment & Instruments,EN,2020,3.0700000000000003,3.0700000000000003,3.0700000000000003,1.8419999999999999,1.8419999999999999,1.8419999999999999,2.456,1.228,1.228,1.228,0.614,0.614,0.614,0.614,0.614,3.0700000000000003,9.209999999999999,9.209999999999999,3.0700000000000003,0.614,0.614,1.228,0.614,1.228,3.0700000000000003,1.5350000000000001,0.614,0.614,0.614,0.614,0.307,0.614,0.614
65,SUNNY OPTICAL,60.75,China,Technology Hardware & Equipment ,"Electronic Equipment, Instruments & Components",Electronic Equipment & Instruments,EN,2021,3.0375,3.0375,3.0375,1.8225,1.8225,1.8225,2.43,1.215,1.215,1.215,0.6075,0.6075,0.6075,0.6075,0.6075,3.0375,9.112499999999999,9.112499999999999,3.0375,0.6075,0.6075,1.215,0.6075,1.215,3.0375,1.51875,0.6075,0.6075,0.6075,0.6075,0.30375,0.6075,0.6075
66,SUNNY OPTICAL,66.7,China,Technology Hardware & Equipment ,"Electronic Equipment, Instruments & Components",Electronic Equipment & Instruments,EN,2022,3.3350000000000004,3.3350000000000004,3.3350000000000004,2.001,2.001,2.001,2.668,1.334,1.334,1.334,0.667,0.667,0.667,0.667,0.667,3.3350000000000004,10.005,10.005,3.3350000000000004,0.667,0.667,1.334,0.667,1.334,3.3350000000000004,1.6675000000000002,0.667,0.667,0.667,0.667,0.3335,0.667,0.667
67,SUNNY OPTICAL,75.066667,China,Technology Hardware & Equipment ,"Electronic Equipment, Instruments & Components",Electronic Equipment & Instruments,EN,2023,3.75333335,3.75333335,3.75333335,2.2520000099999997,2.2520000099999997,2.2520000099999997,3.00266668,1.50133334,1.50133334,1.50133334,0.75066667,0.75066667,0.75066667,0.75066667,0.75066667,3.75333335,11.260000049999999,11.260000049999999,3.75333335,0.75066667,0.75066667,1.50133334,0.75066667,1.50133334,3.75333335,1.876666675,0.75066667,0.75066667,0.75066667,0.75066667,0.375333335,0.75066667,0.75066667
68,Intel,75.233333,USA,Semiconductors & Semiconductor Equipment,Semiconductors & Semiconductor Equipment,Semiconductors & Semiconductor Equipment,EN,2020,3.7616666500000004,3.7616666500000004,3.7616666500000004,2.25699999,2.25699999,2.25699999,3.00933332,1.50466666,1.50466666,1.50466666,0.75233333,0.75233333,0.75233333,0.75233333,0.75233333,3.7616666500000004,11.28499995,11.28499995,3.7616666500000004,0.75233333,0.75233333,1.50466666,0.75233333,1.50466666,3.7616666500000004,1.8808333250000002,0.75233333,0.75233333,0.75233333,0.75233333,0.376166665,0.75233333,0.75233333
69,Intel,72.058333,USA,Semiconductors & Semiconductor Equipment,Semiconductors & Semiconductor Equipment,Semiconductors & Semiconductor Equipment,EN,2021,3.6029166500000005,3.6029166500000005,3.6029166500000005,2.16174999,2.16174999,2.16174999,2.8823333200000003,1.4411666600000002,1.4411666600000002,1.4411666600000002,0.7205833300000001,0.7205833300000001,0.7205833300000001,0.7205833300000001,0.7205833300000001,3.6029166500000005,10.808749950000001,10.808749950000001,3.6029166500000005,0.7205833300000001,0.7205833300000001,1.4411666600000002,0.7205833300000001,1.4411666600000002,3.6029166500000005,1.8014583250000002,0.7205833300000001,0.7205833300000001,0.7205833300000001,0.7205833300000001,0.36029166500000004,0.7205833300000001,0.7205833300000001
70,Intel,81.15,USA,Semiconductors & Semiconductor Equipment,Semiconductors & Semiconductor Equipment,Semiconductors & Semiconductor Equipment,EN,2022,4.0575,4.0575,4.0575,2.4345,2.4345,2.4345,3.2460000000000004,1.6230000000000002,1.6230000000000002,1.6230000000000002,0.8115000000000001,0.8115000000000001,0.8115000000000001,0.8115000000000001,0.8115000000000001,4.0575,12.172500000000001,12.172500000000001,4.0575,0.8115000000000001,0.8115000000000001,1.6230000000000002,0.8115000000000001,1.6230000000000002,4.0575,2.02875,0.8115000000000001,0.8115000000000001,0.8115000000000001,0.8115000000000001,0.40575000000000006,0.8115000000000001,0.8115000000000001
71,Intel,86.45,USA,Semiconductors & Semiconductor Equipment,Semiconductors & Semiconductor Equipment,Semiconductors & Semiconductor Equipment,EN,2023,4.322500000000001,4.322500000000001,4.322500000000001,2.5935,2.5935,2.5935,3.458,1.729,1.729,1.729,0.8645,0.8645,0.8645,0.8645,0.8645,4.322500000000001,12.9675,12.9675,4.322500000000001,0.8645,0.8645,1.729,0.8645,1.729,4.322500000000001,2.1612500000000003,0.8645,0.8645,0.8645,0.8645,0.43225,0.8645,0.8645
72,Qualcomm,54.041667,USA,Semiconductors & Semiconductor Equipment,Semiconductors & Semiconductor Equipment,Semiconductors & Semiconductor Equipment,EN,2020,2.70208335,2.70208335,2.70208335,1.6212500099999998,1.6212500099999998,1.6212500099999998,2.1616666799999997,1.0808333399999999,1.0808333399999999,1.0808333399999999,0.5404166699999999,0.5404166699999999,0.5404166699999999,0.5404166699999999,0.5404166699999999,2.70208335,8.10625005,8.10625005,2.70208335,0.5404166699999999,0.5404166699999999,1.0808333399999999,0.5404166699999999,1.0808333399999999,2.70208335,1.351041675,0.5404166699999999,0.5404166699999999,0.5404166699999999,0.5404166699999999,0.27020833499999997,0.5404166699999999,0.5404166699999999
73,Qualcomm,54.041667,USA,Semiconductors & Semiconductor Equipment,Semiconductors & Semiconductor Equipment,Semiconductors & Semiconductor Equipment,EN,2021,2.70208335,2.70208335,2.70208335,1.6212500099999998,1.6212500099999998,1.6212500099999998,2.1616666799999997,1.0808333399999999,1.0808333399999999,1.0808333399999999,0.5404166699999999,0.5404166699999999,0.5404166699999999,0.5404166699999999,0.5404166699999999,2.70208335,8.10625005,8.10625005,2.70208335,0.5404166699999999,0.5404166699999999,1.0808333399999999,0.5404166699999999,1.0808333399999999,2.70208335,1.351041675,0.5404166699999999,0.5404166699999999,0.5404166699999999,0.5404166699999999,0.27020833499999997,0.5404166699999999,0.5404166699999999
74,Qualcomm,77.3,USA,Semiconductors & Semiconductor Equipment,Semiconductors & Semiconductor Equipment,Semiconductors & Semiconductor Equipment,EN,2022,3.865,3.865,3.865,2.319,2.319,2.319,3.092,1.546,1.546,1.546,0.773,0.773,0.773,0.773,0.773,3.865,11.594999999999999,11.594999999999999,3.865,0.773,0.773,1.546,0.773,1.546,3.865,1.9325,0.773,0.773,0.773,0.773,0.3865,0.773,0.773
75,Qualcomm,75.5,USA,Semiconductors & Semiconductor Equipment,Semiconductors & Semiconductor Equipment,Semiconductors & Semiconductor Equipment,EN,2023,3.7750000000000004,3.7750000000000004,3.7750000000000004,2.265,2.265,2.265,3.02,1.51,1.51,1.51,0.755,0.755,0.755,0.755,0.755,3.7750000000000004,11.325,11.325,3.7750000000000004,0.755,0.755,1.51,0.755,1.51,3.7750000000000004,1.8875000000000002,0.755,0.755,0.755,0.755,0.3775,0.755,0.755
76,TSMC,90.4,China,Semiconductors & Semiconductor Equipment,Semiconductors & Semiconductor Equipment,Semiconductors & Semiconductor Equipment,EN,2020,4.5200000000000005,4.5200000000000005,4.5200000000000005,2.712,2.712,2.712,3.616,1.808,1.808,1.808,0.904,0.904,0.904,0.904,0.904,4.5200000000000005,13.56,13.56,4.5200000000000005,0.904,0.904,1.808,0.904,1.808,4.5200000000000005,2.2600000000000002,0.904,0.904,0.904,0.904,0.452,0.904,0.904
77,TSMC,90.4,China,Semiconductors & Semiconductor Equipment,Semiconductors & Semiconductor Equipment,Semiconductors & Semiconductor Equipment,EN,2021,4.5200000000000005,4.5200000000000005,4.5200000000000005,2.712,2.712,2.712,3.616,1.808,1.808,1.808,0.904,0.904,0.904,0.904,0.904,4.5200000000000005,13.56,13.56,4.5200000000000005,0.904,0.904,1.808,0.904,1.808,4.5200000000000005,2.2600000000000002,0.904,0.904,0.904,0.904,0.452,0.904,0.904
78,TSMC,90.475,China,Semiconductors & Semiconductor Equipment,Semiconductors & Semiconductor Equipment,Semiconductors & Semiconductor Equipment,EN,2022,4.52375,4.52375,4.52375,2.71425,2.71425,2.71425,3.6189999999999998,1.8094999999999999,1.8094999999999999,1.8094999999999999,0.9047499999999999,0.9047499999999999,0.9047499999999999,0.9047499999999999,0.9047499999999999,4.52375,13.57125,13.57125,4.52375,0.9047499999999999,0.9047499999999999,1.8094999999999999,0.9047499999999999,1.8094999999999999,4.52375,2.261875,0.9047499999999999,0.9047499999999999,0.9047499999999999,0.9047499999999999,0.45237499999999997,0.9047499999999999,0.9047499999999999
79,TSMC,88.575,China,Semiconductors & Semiconductor Equipment,Semiconductors & Semiconductor Equipment,Semiconductors & Semiconductor Equipment,EN,2023,4.42875,4.42875,4.42875,2.65725,2.65725,2.65725,3.543,1.7715,1.7715,1.7715,0.88575,0.88575,0.88575,0.88575,0.88575,4.42875,13.28625,13.28625,4.42875,0.88575,0.88575,1.7715,0.88575,1.7715,4.42875,2.214375,0.88575,0.88575,0.88575,0.88575,0.442875,0.88575,0.88575
80,SMIC,73.2,China,Semiconductors & Semiconductor Equipment,Semiconductors & Semiconductor Equipment,Semiconductors & Semiconductor Equipment,EN,2020,3.66,3.66,3.66,2.196,2.196,2.196,2.9280000000000004,1.4640000000000002,1.4640000000000002,1.4640000000000002,0.7320000000000001,0.7320000000000001,0.7320000000000001,0.7320000000000001,0.7320000000000001,3.66,10.98,10.98,3.66,0.7320000000000001,0.7320000000000001,1.4640000000000002,0.7320000000000001,1.4640000000000002,3.66,1.83,0.7320000000000001,0.7320000000000001,0.7320000000000001,0.7320000000000001,0.36600000000000005,0.7320000000000001,0.7320000000000001
81,SMIC,70.2,China,Semiconductors & Semiconductor Equipment,Semiconductors & Semiconductor Equipment,Semiconductors & Semiconductor Equipment,EN,2021,3.5100000000000002,3.5100000000000002,3.5100000000000002,2.106,2.106,2.106,2.8080000000000003,1.4040000000000001,1.4040000000000001,1.4040000000000001,0.7020000000000001,0.7020000000000001,0.7020000000000001,0.7020000000000001,0.7020000000000001,3.5100000000000002,10.53,10.53,3.5100000000000002,0.7020000000000001,0.7020000000000001,1.4040000000000001,0.7020000000000001,1.4040000000000001,3.5100000000000002,1.7550000000000001,0.7020000000000001,0.7020000000000001,0.7020000000000001,0.7020000000000001,0.35100000000000003,0.7020000000000001,0.7020000000000001
82,SMIC,72.5,China,Semiconductors & Semiconductor Equipment,Semiconductors & Semiconductor Equipment,Semiconductors & Semiconductor Equipment,EN,2022,3.625,3.625,3.625,2.175,2.175,2.175,2.9,1.45,1.45,1.45,0.725,0.725,0.725,0.725,0.725,3.625,10.875,10.875,3.625,0.725,0.725,1.45,0.725,1.45,3.625,1.8125,0.725,0.725,0.725,0.725,0.3625,0.725,0.725
83,SMIC,74.3,China,Semiconductors & Semiconductor Equipment,Semiconductors & Semiconductor Equipment,Semiconductors & Semiconductor Equipment,EN,2023,3.715,3.715,3.715,2.2289999999999996,2.2289999999999996,2.2289999999999996,2.972,1.486,1.486,1.486,0.743,0.743,0.743,0.743,0.743,3.715,11.145,11.145,3.715,0.743,0.743,1.486,0.743,1.486,3.715,1.8575,0.743,0.743,0.743,0.743,0.3715,0.743,0.743
84,TEXAS INSTRUMENTS,77.0,USA,Semiconductors & Semiconductor Equipment,Semiconductors & Semiconductor Equipment,Semiconductors & Semiconductor Equipment,EN,2020,3.85,3.85,3.85,2.31,2.31,2.31,3.08,1.54,1.54,1.54,0.77,0.77,0.77,0.77,0.77,3.85,11.549999999999999,11.549999999999999,3.85,0.77,0.77,1.54,0.77,1.54,3.85,1.925,0.77,0.77,0.77,0.77,0.385,0.77,0.77
85,TEXAS INSTRUMENTS,54.266667,USA,Semiconductors & Semiconductor Equipment,Semiconductors & Semiconductor Equipment,Semiconductors & Semiconductor Equipment,EN,2021,2.71333335,2.71333335,2.71333335,1.6280000099999998,1.6280000099999998,1.6280000099999998,2.17066668,1.08533334,1.08533334,1.08533334,0.54266667,0.54266667,0.54266667,0.54266667,0.54266667,2.71333335,8.14000005,8.14000005,2.71333335,0.54266667,0.54266667,1.08533334,0.54266667,1.08533334,2.71333335,1.356666675,0.54266667,0.54266667,0.54266667,0.54266667,0.271333335,0.54266667,0.54266667
86,TEXAS INSTRUMENTS,48.566667,USA,Semiconductors & Semiconductor Equipment,Semiconductors & Semiconductor Equipment,Semiconductors & Semiconductor Equipment,EN,2022,2.4283333500000004,2.4283333500000004,2.4283333500000004,1.45700001,1.45700001,1.45700001,1.94266668,0.97133334,0.97133334,0.97133334,0.48566667,0.48566667,0.48566667,0.48566667,0.48566667,2.4283333500000004,7.28500005,7.28500005,2.4283333500000004,0.48566667,0.48566667,0.97133334,0.48566667,0.97133334,2.4283333500000004,1.2141666750000002,0.48566667,0.48566667,0.48566667,0.48566667,0.242833335,0.48566667,0.48566667
87,TEXAS INSTRUMENTS,64.1,USA,Semiconductors & Semiconductor Equipment,Semiconductors & Semiconductor Equipment,Semiconductors & Semiconductor Equipment,EN,2023,3.205,3.205,3.205,1.9229999999999998,1.9229999999999998,1.9229999999999998,2.5639999999999996,1.2819999999999998,1.2819999999999998,1.2819999999999998,0.6409999999999999,0.6409999999999999,0.6409999999999999,0.6409999999999999,0.6409999999999999,3.205,9.614999999999998,9.614999999999998,3.205,0.6409999999999999,0.6409999999999999,1.2819999999999998,0.6409999999999999,1.2819999999999998,3.205,1.6025,0.6409999999999999,0.6409999999999999,0.6409999999999999,0.6409999999999999,0.32049999999999995,0.6409999999999999,0.6409999999999999
